INSERT INTO Triplos (Identificacao, Dia, Valor) VALUES
('IE00BXC8D038','2019-10-14 10:30:00', 147.15),
('FR0013340973','2019-10-14 10:30:00', 665.1),
('FR0004548873','2019-10-14 10:30:00', 190.33),
('US0111514983','2019-10-14 10:30:00', 825.8),
('US0253985401','2019-10-14 10:30:00', 563.25),
('IE00BXC8D038','2019-10-14 11:30:00', 137.26),
('FR0013340973','2019-10-14 11:30:00', 276.33),
('FR0004548873','2019-10-14 11:30:00', 287.31),
('US0111514983','2019-10-14 11:30:00', 732.77),
('US0253985401','2019-10-14 11:30:00', 493.28),
('IE00BXC8D038','2019-10-14 12:30:00', 674.97),
('FR0013340973','2019-10-14 12:30:00', 465.66),
('FR0004548873','2019-10-14 12:30:00', 411.69),
('US0111514983','2019-10-14 12:30:00', 441.72),
('US0253985401','2019-10-14 12:30:00', 952.57),
('IE00BXC8D038','2019-10-14 13:30:00', 278.46),
('FR0013340973','2019-10-14 13:30:00', 516.29),
('FR0004548873','2019-10-14 13:30:00', 470.05),
('US0111514983','2019-10-14 13:30:00', 553.42),
('US0253985401','2019-10-14 13:30:00', 750.03),
('IE00BXC8D038','2019-10-14 14:30:00', 171.47),
('FR0013340973','2019-10-14 14:30:00', 558.26),
('FR0004548873','2019-10-14 14:30:00', 771.18),
('US0111514983','2019-10-14 14:30:00', 699.59),
('US0253985401','2019-10-14 14:30:00', 444.62),
('IE00BXC8D038','2019-10-14 15:30:00', 442.1),
('FR0013340973','2019-10-14 15:30:00', 78.96),
('FR0004548873','2019-10-14 15:30:00', 679.73),
('US0111514983','2019-10-14 15:30:00', 91.81),
('US0253985401','2019-10-14 15:30:00', 670.75),
('IE00BXC8D038','2019-10-14 16:30:00', 913.59),
('FR0013340973','2019-10-14 16:30:00', 806.04),
('FR0004548873','2019-10-14 16:30:00', 909.02),
('US0111514983','2019-10-14 16:30:00', 480.65),
('US0253985401','2019-10-14 16:30:00', 868.11),
('IE00BXC8D038','2019-10-14 17:30:00', 11.89),
('FR0013340973','2019-10-14 17:30:00', 899.26),
('FR0004548873','2019-10-14 17:30:00', 800.33),
('US0111514983','2019-10-14 17:30:00', 781.84),
('US0253985401','2019-10-14 17:30:00', 212.66),
('IE00BXC8D038','2019-10-14 18:30:00', 280.37),
('FR0013340973','2019-10-14 18:30:00', 558.29),
('FR0004548873','2019-10-14 18:30:00', 654.7),
('US0111514983','2019-10-14 18:30:00', 859.4),
('US0253985401','2019-10-14 18:30:00', 544.22),
('IE00BXC8D038','2019-10-14 19:30:00', 807.82),
('FR0013340973','2019-10-14 19:30:00', 423.79),
('FR0004548873','2019-10-14 19:30:00', 339.43),
('US0111514983','2019-10-14 19:30:00', 178.02),
('US0253985401','2019-10-14 19:30:00', 113.03),
('IE00BXC8D038','2019-10-14 20:30:00', 600.74),
('FR0013340973','2019-10-14 20:30:00', 741.83),
('FR0004548873','2019-10-14 20:30:00', 352.3),
('US0111514983','2019-10-14 20:30:00', 35.69),
('US0253985401','2019-10-14 20:30:00', 485.1),
('IE00BXC8D038','2019-10-14 21:30:00', 588.38),
('FR0013340973','2019-10-14 21:30:00', 898.98),
('FR0004548873','2019-10-14 21:30:00', 563.3),
('US0111514983','2019-10-14 21:30:00', 161.88),
('US0253985401','2019-10-14 21:30:00', 193.61),
('IE00BXC8D038','2019-10-15 10:30:00', 135.92),
('FR0013340973','2019-10-15 10:30:00', 776.87),
('FR0004548873','2019-10-15 10:30:00', 784.94),
('US0111514983','2019-10-15 10:30:00', 494.64),
('US0253985401','2019-10-15 10:30:00', 653.84),
('IE00BXC8D038','2019-10-15 11:30:00', 100.56),
('FR0013340973','2019-10-15 11:30:00', 708.72),
('FR0004548873','2019-10-15 11:30:00', 332.99),
('US0111514983','2019-10-15 11:30:00', 33.68),
('US0253985401','2019-10-15 11:30:00', 27.3),
('IE00BXC8D038','2019-10-15 12:30:00', 859.29),
('FR0013340973','2019-10-15 12:30:00', 362.95),
('FR0004548873','2019-10-15 12:30:00', 517.8),
('US0111514983','2019-10-15 12:30:00', 306.63),
('US0253985401','2019-10-15 12:30:00', 394.32),
('IE00BXC8D038','2019-10-15 13:30:00', 11.13),
('FR0013340973','2019-10-15 13:30:00', 121.5),
('FR0004548873','2019-10-15 13:30:00', 182.94),
('US0111514983','2019-10-15 13:30:00', 72.31),
('US0253985401','2019-10-15 13:30:00', 143.73),
('IE00BXC8D038','2019-10-15 14:30:00', 271.7),
('FR0013340973','2019-10-15 14:30:00', 436.36),
('FR0004548873','2019-10-15 14:30:00', 969.71),
('US0111514983','2019-10-15 14:30:00', 412.21),
('US0253985401','2019-10-15 14:30:00', 78.5),
('IE00BXC8D038','2019-10-15 15:30:00', 660.75),
('FR0013340973','2019-10-15 15:30:00', 140.26),
('FR0004548873','2019-10-15 15:30:00', 548.77),
('US0111514983','2019-10-15 15:30:00', 527.85),
('US0253985401','2019-10-15 15:30:00', 410.68),
('IE00BXC8D038','2019-10-15 16:30:00', 546.21),
('FR0013340973','2019-10-15 16:30:00', 250.47),
('FR0004548873','2019-10-15 16:30:00', 441.14),
('US0111514983','2019-10-15 16:30:00', 604.82),
('US0253985401','2019-10-15 16:30:00', 175.74),
('IE00BXC8D038','2019-10-15 17:30:00', 665.96),
('FR0013340973','2019-10-15 17:30:00', 811.11),
('FR0004548873','2019-10-15 17:30:00', 848.5),
('US0111514983','2019-10-15 17:30:00', 498.9),
('US0253985401','2019-10-15 17:30:00', 923.63),
('IE00BXC8D038','2019-10-15 18:30:00', 236.07),
('FR0013340973','2019-10-15 18:30:00', 131.6),
('FR0004548873','2019-10-15 18:30:00', 583.44),
('US0111514983','2019-10-15 18:30:00', 568.72),
('US0253985401','2019-10-15 18:30:00', 498.59),
('IE00BXC8D038','2019-10-15 19:30:00', 703.03),
('FR0013340973','2019-10-15 19:30:00', 10.42),
('FR0004548873','2019-10-15 19:30:00', 273.01),
('US0111514983','2019-10-15 19:30:00', 17.86),
('US0253985401','2019-10-15 19:30:00', 804.97),
('IE00BXC8D038','2019-10-15 20:30:00', 420.55),
('FR0013340973','2019-10-15 20:30:00', 682.07),
('FR0004548873','2019-10-15 20:30:00', 779.71),
('US0111514983','2019-10-15 20:30:00', 311.21),
('US0253985401','2019-10-15 20:30:00', 955.11),
('IE00BXC8D038','2019-10-15 21:30:00', 803.34),
('FR0013340973','2019-10-15 21:30:00', 606.24),
('FR0004548873','2019-10-15 21:30:00', 287.67),
('US0111514983','2019-10-15 21:30:00', 57.51),
('US0253985401','2019-10-15 21:30:00', 906.37),
('IE00BXC8D038','2019-10-16 10:30:00', 54.74),
('FR0013340973','2019-10-16 10:30:00', 931.6),
('FR0004548873','2019-10-16 10:30:00', 119.14),
('US0111514983','2019-10-16 10:30:00', 523.05),
('US0253985401','2019-10-16 10:30:00', 55.83),
('IE00BXC8D038','2019-10-16 11:30:00', 341.14),
('FR0013340973','2019-10-16 11:30:00', 245.83),
('FR0004548873','2019-10-16 11:30:00', 751.3),
('US0111514983','2019-10-16 11:30:00', 413.91),
('US0253985401','2019-10-16 11:30:00', 87.78),
('IE00BXC8D038','2019-10-16 12:30:00', 947),
('FR0013340973','2019-10-16 12:30:00', 749.59),
('FR0004548873','2019-10-16 12:30:00', 631.41),
('US0111514983','2019-10-16 12:30:00', 642.93),
('US0253985401','2019-10-16 12:30:00', 937.11),
('IE00BXC8D038','2019-10-16 13:30:00', 983.6),
('FR0013340973','2019-10-16 13:30:00', 132.65),
('FR0004548873','2019-10-16 13:30:00', 266.12),
('US0111514983','2019-10-16 13:30:00', 331.64),
('US0253985401','2019-10-16 13:30:00', 539.04),
('IE00BXC8D038','2019-10-16 14:30:00', 849.01),
('FR0013340973','2019-10-16 14:30:00', 91.28),
('FR0004548873','2019-10-16 14:30:00', 450.49),
('US0111514983','2019-10-16 14:30:00', 548.54),
('US0253985401','2019-10-16 14:30:00', 314.8),
('IE00BXC8D038','2019-10-16 15:30:00', 814.55),
('FR0013340973','2019-10-16 15:30:00', 121.1),
('FR0004548873','2019-10-16 15:30:00', 596.02),
('US0111514983','2019-10-16 15:30:00', 839.71),
('US0253985401','2019-10-16 15:30:00', 543.32),
('IE00BXC8D038','2019-10-16 16:30:00', 830.18),
('FR0013340973','2019-10-16 16:30:00', 757.21),
('FR0004548873','2019-10-16 16:30:00', 119.6),
('US0111514983','2019-10-16 16:30:00', 81.54),
('US0253985401','2019-10-16 16:30:00', 357.38),
('IE00BXC8D038','2019-10-16 17:30:00', 808.74),
('FR0013340973','2019-10-16 17:30:00', 591.66),
('FR0004548873','2019-10-16 17:30:00', 191.2),
('US0111514983','2019-10-16 17:30:00', 509.75),
('US0253985401','2019-10-16 17:30:00', 10.19),
('IE00BXC8D038','2019-10-16 18:30:00', 212.87),
('FR0013340973','2019-10-16 18:30:00', 119.56),
('FR0004548873','2019-10-16 18:30:00', 443.97),
('US0111514983','2019-10-16 18:30:00', 778.56),
('US0253985401','2019-10-16 18:30:00', 845.8),
('IE00BXC8D038','2019-10-16 19:30:00', 993.04),
('FR0013340973','2019-10-16 19:30:00', 604.39),
('FR0004548873','2019-10-16 19:30:00', 539.93),
('US0111514983','2019-10-16 19:30:00', 366.76),
('US0253985401','2019-10-16 19:30:00', 532.74),
('IE00BXC8D038','2019-10-16 20:30:00', 722.15),
('FR0013340973','2019-10-16 20:30:00', 975.62),
('FR0004548873','2019-10-16 20:30:00', 686.32),
('US0111514983','2019-10-16 20:30:00', 879.43),
('US0253985401','2019-10-16 20:30:00', 453.35),
('IE00BXC8D038','2019-10-16 21:30:00', 952.2),
('FR0013340973','2019-10-16 21:30:00', 358.95),
('FR0004548873','2019-10-16 21:30:00', 266.3),
('US0111514983','2019-10-16 21:30:00', 183.14),
('US0253985401','2019-10-16 21:30:00', 403.23),
('IE00BXC8D038','2019-10-17 10:30:00', 102.82),
('FR0013340973','2019-10-17 10:30:00', 646.94),
('FR0004548873','2019-10-17 10:30:00', 242.13),
('US0111514983','2019-10-17 10:30:00', 544.31),
('US0253985401','2019-10-17 10:30:00', 585.1),
('IE00BXC8D038','2019-10-17 11:30:00', 411.2),
('FR0013340973','2019-10-17 11:30:00', 278.62),
('FR0004548873','2019-10-17 11:30:00', 890.09),
('US0111514983','2019-10-17 11:30:00', 66.65),
('US0253985401','2019-10-17 11:30:00', 754.88),
('IE00BXC8D038','2019-10-17 12:30:00', 812.25),
('FR0013340973','2019-10-17 12:30:00', 668.81),
('FR0004548873','2019-10-17 12:30:00', 47),
('US0111514983','2019-10-17 12:30:00', 348.02),
('US0253985401','2019-10-17 12:30:00', 67.19),
('IE00BXC8D038','2019-10-17 13:30:00', 406.64),
('FR0013340973','2019-10-17 13:30:00', 906.02),
('FR0004548873','2019-10-17 13:30:00', 454.27),
('US0111514983','2019-10-17 13:30:00', 6.64),
('US0253985401','2019-10-17 13:30:00', 649.17),
('IE00BXC8D038','2019-10-17 14:30:00', 617.81),
('FR0013340973','2019-10-17 14:30:00', 782.93),
('FR0004548873','2019-10-17 14:30:00', 151.88),
('US0111514983','2019-10-17 14:30:00', 10.01),
('US0253985401','2019-10-17 14:30:00', 13.7),
('IE00BXC8D038','2019-10-17 15:30:00', 938.69),
('FR0013340973','2019-10-17 15:30:00', 134.01),
('FR0004548873','2019-10-17 15:30:00', 988.44),
('US0111514983','2019-10-17 15:30:00', 761.1),
('US0253985401','2019-10-17 15:30:00', 505.3),
('IE00BXC8D038','2019-10-17 16:30:00', 146.64),
('FR0013340973','2019-10-17 16:30:00', 320.44),
('FR0004548873','2019-10-17 16:30:00', 161.52),
('US0111514983','2019-10-17 16:30:00', 470.54),
('US0253985401','2019-10-17 16:30:00', 425.67),
('IE00BXC8D038','2019-10-17 17:30:00', 887.88),
('FR0013340973','2019-10-17 17:30:00', 92.81),
('FR0004548873','2019-10-17 17:30:00', 919.38),
('US0111514983','2019-10-17 17:30:00', 633.51),
('US0253985401','2019-10-17 17:30:00', 645.06),
('IE00BXC8D038','2019-10-17 18:30:00', 984.03),
('FR0013340973','2019-10-17 18:30:00', 654.87),
('FR0004548873','2019-10-17 18:30:00', 556.65),
('US0111514983','2019-10-17 18:30:00', 319.26),
('US0253985401','2019-10-17 18:30:00', 460.27),
('IE00BXC8D038','2019-10-17 19:30:00', 684.09),
('FR0013340973','2019-10-17 19:30:00', 841.95),
('FR0004548873','2019-10-17 19:30:00', 128.44),
('US0111514983','2019-10-17 19:30:00', 389.76),
('US0253985401','2019-10-17 19:30:00', 325.81),
('IE00BXC8D038','2019-10-17 20:30:00', 593.27),
('FR0013340973','2019-10-17 20:30:00', 161.08),
('FR0004548873','2019-10-17 20:30:00', 451.76),
('US0111514983','2019-10-17 20:30:00', 7.67),
('US0253985401','2019-10-17 20:30:00', 514.46),
('IE00BXC8D038','2019-10-17 21:30:00', 559.36),
('FR0013340973','2019-10-17 21:30:00', 940.32),
('FR0004548873','2019-10-17 21:30:00', 713.2),
('US0111514983','2019-10-17 21:30:00', 961.23),
('US0253985401','2019-10-17 21:30:00', 153.01),
('IE00BXC8D038','2019-10-18 10:30:00', 479.54),
('FR0013340973','2019-10-18 10:30:00', 427.99),
('FR0004548873','2019-10-18 10:30:00', 686.35),
('US0111514983','2019-10-18 10:30:00', 722.65),
('US0253985401','2019-10-18 10:30:00', 503.03),
('IE00BXC8D038','2019-10-18 11:30:00', 852.03),
('FR0013340973','2019-10-18 11:30:00', 284.15),
('FR0004548873','2019-10-18 11:30:00', 666.39),
('US0111514983','2019-10-18 11:30:00', 864.04),
('US0253985401','2019-10-18 11:30:00', 144.65),
('IE00BXC8D038','2019-10-18 12:30:00', 355.57),
('FR0013340973','2019-10-18 12:30:00', 406.97),
('FR0004548873','2019-10-18 12:30:00', 678.8),
('US0111514983','2019-10-18 12:30:00', 408.8),
('US0253985401','2019-10-18 12:30:00', 180.88),
('IE00BXC8D038','2019-10-18 13:30:00', 552.43),
('FR0013340973','2019-10-18 13:30:00', 571.82),
('FR0004548873','2019-10-18 13:30:00', 204.08),
('US0111514983','2019-10-18 13:30:00', 253.76),
('US0253985401','2019-10-18 13:30:00', 461.05),
('IE00BXC8D038','2019-10-18 14:30:00', 822.7),
('FR0013340973','2019-10-18 14:30:00', 375.8),
('FR0004548873','2019-10-18 14:30:00', 386.18),
('US0111514983','2019-10-18 14:30:00', 562.53),
('US0253985401','2019-10-18 14:30:00', 513.39),
('IE00BXC8D038','2019-10-18 15:30:00', 125.43),
('FR0013340973','2019-10-18 15:30:00', 204.93),
('FR0004548873','2019-10-18 15:30:00', 525.63),
('US0111514983','2019-10-18 15:30:00', 669.11),
('US0253985401','2019-10-18 15:30:00', 326.03),
('IE00BXC8D038','2019-10-18 16:30:00', 775.57),
('FR0013340973','2019-10-18 16:30:00', 106.9),
('FR0004548873','2019-10-18 16:30:00', 572.06),
('US0111514983','2019-10-18 16:30:00', 765.88),
('US0253985401','2019-10-18 16:30:00', 783.54),
('IE00BXC8D038','2019-10-18 17:30:00', 314.22),
('FR0013340973','2019-10-18 17:30:00', 857.62),
('FR0004548873','2019-10-18 17:30:00', 162.19),
('US0111514983','2019-10-18 17:30:00', 152.37),
('US0253985401','2019-10-18 17:30:00', 342.33),
('IE00BXC8D038','2019-10-18 18:30:00', 763.43),
('FR0013340973','2019-10-18 18:30:00', 505.68),
('FR0004548873','2019-10-18 18:30:00', 253.77),
('US0111514983','2019-10-18 18:30:00', 575.32),
('US0253985401','2019-10-18 18:30:00', 895.07),
('IE00BXC8D038','2019-10-18 19:30:00', 557.07),
('FR0013340973','2019-10-18 19:30:00', 885.3),
('FR0004548873','2019-10-18 19:30:00', 855.78),
('US0111514983','2019-10-18 19:30:00', 192.11),
('US0253985401','2019-10-18 19:30:00', 53.97),
('IE00BXC8D038','2019-10-18 20:30:00', 998.37),
('FR0013340973','2019-10-18 20:30:00', 118.72),
('FR0004548873','2019-10-18 20:30:00', 333.16),
('US0111514983','2019-10-18 20:30:00', 528.05),
('US0253985401','2019-10-18 20:30:00', 763.08),
('IE00BXC8D038','2019-10-18 21:30:00', 437.24),
('FR0013340973','2019-10-18 21:30:00', 708.81),
('FR0004548873','2019-10-18 21:30:00', 457.37),
('US0111514983','2019-10-18 21:30:00', 934.27),
('US0253985401','2019-10-18 21:30:00', 523.17), 
('IE00BXC8D038','2019-10-21 10:30:00', 799.03),
('FR0013340973','2019-10-21 10:30:00', 250.86),
('FR0004548873','2019-10-21 10:30:00', 69.32),
('US0111514983','2019-10-21 10:30:00', 880.28),
('US0253985401','2019-10-21 10:30:00', 478.2),
('IE00BXC8D038','2019-10-21 11:30:00', 880.85),
('FR0013340973','2019-10-21 11:30:00', 930.9),
('FR0004548873','2019-10-21 11:30:00', 267.82),
('US0111514983','2019-10-21 11:30:00', 207.97),
('US0253985401','2019-10-21 11:30:00', 535.15),
('IE00BXC8D038','2019-10-21 12:30:00', 215.06),
('FR0013340973','2019-10-21 12:30:00', 954.06),
('FR0004548873','2019-10-21 12:30:00', 287.66),
('US0111514983','2019-10-21 12:30:00', 730.11),
('US0253985401','2019-10-21 12:30:00', 555.19),
('IE00BXC8D038','2019-10-21 13:30:00', 784.06),
('FR0013340973','2019-10-21 13:30:00', 226.07),
('FR0004548873','2019-10-21 13:30:00', 726.5),
('US0111514983','2019-10-21 13:30:00', 444.71),
('US0253985401','2019-10-21 13:30:00', 718.26),
('IE00BXC8D038','2019-10-21 14:30:00', 724.33),
('FR0013340973','2019-10-21 14:30:00', 774.64),
('FR0004548873','2019-10-21 14:30:00', 586.61),
('US0111514983','2019-10-21 14:30:00', 898.48),
('US0253985401','2019-10-21 14:30:00', 337.8),
('IE00BXC8D038','2019-10-21 15:30:00', 671.56),
('FR0013340973','2019-10-21 15:30:00', 895.72),
('FR0004548873','2019-10-21 15:30:00', 379.41),
('US0111514983','2019-10-21 15:30:00', 379.66),
('US0253985401','2019-10-21 15:30:00', 852.74),
('IE00BXC8D038','2019-10-21 16:30:00', 121.04),
('FR0013340973','2019-10-21 16:30:00', 303.2),
('FR0004548873','2019-10-21 16:30:00', 786.26),
('US0111514983','2019-10-21 16:30:00', 981.09),
('US0253985401','2019-10-21 16:30:00', 956.1),
('IE00BXC8D038','2019-10-21 17:30:00', 422.7),
('FR0013340973','2019-10-21 17:30:00', 539.93),
('FR0004548873','2019-10-21 17:30:00', 744.86),
('US0111514983','2019-10-21 17:30:00', 701.15),
('US0253985401','2019-10-21 17:30:00', 506.85),
('IE00BXC8D038','2019-10-21 18:30:00', 949.36),
('FR0013340973','2019-10-21 18:30:00', 373.22),
('FR0004548873','2019-10-21 18:30:00', 941.4),
('US0111514983','2019-10-21 18:30:00', 360.08),
('US0253985401','2019-10-21 18:30:00', 566.44),
('IE00BXC8D038','2019-10-21 19:30:00', 198),
('FR0013340973','2019-10-21 19:30:00', 510.26),
('FR0004548873','2019-10-21 19:30:00', 890.78),
('US0111514983','2019-10-21 19:30:00', 739.47),
('US0253985401','2019-10-21 19:30:00', 440.47),
('IE00BXC8D038','2019-10-21 20:30:00', 958.24),
('FR0013340973','2019-10-21 20:30:00', 914.93),
('FR0004548873','2019-10-21 20:30:00', 874.71),
('US0111514983','2019-10-21 20:30:00', 288.23),
('US0253985401','2019-10-21 20:30:00', 99.51),
('IE00BXC8D038','2019-10-21 21:30:00', 139.43),
('FR0013340973','2019-10-21 21:30:00', 253.93),
('FR0004548873','2019-10-21 21:30:00', 237.13),
('US0111514983','2019-10-21 21:30:00', 735.65),
('US0253985401','2019-10-21 21:30:00', 94.27),
('IE00BXC8D038','2019-10-22 10:30:00', 872.8),
('FR0013340973','2019-10-22 10:30:00', 630.71),
('FR0004548873','2019-10-22 10:30:00', 577.92),
('US0111514983','2019-10-22 10:30:00', 613.55),
('US0253985401','2019-10-22 10:30:00', 146.49),
('IE00BXC8D038','2019-10-22 11:30:00', 296.14),
('FR0013340973','2019-10-22 11:30:00', 459.35),
('FR0004548873','2019-10-22 11:30:00', 822.21),
('US0111514983','2019-10-22 11:30:00', 447.93),
('US0253985401','2019-10-22 11:30:00', 183.26),
('IE00BXC8D038','2019-10-22 12:30:00', 418.91),
('FR0013340973','2019-10-22 12:30:00', 497.99),
('FR0004548873','2019-10-22 12:30:00', 444.8),
('US0111514983','2019-10-22 12:30:00', 969.66),
('US0253985401','2019-10-22 12:30:00', 895.9),
('IE00BXC8D038','2019-10-22 13:30:00', 106.08),
('FR0013340973','2019-10-22 13:30:00', 853.17),
('FR0004548873','2019-10-22 13:30:00', 648.56),
('US0111514983','2019-10-22 13:30:00', 284.45),
('US0253985401','2019-10-22 13:30:00', 763.25),
('IE00BXC8D038','2019-10-22 14:30:00', 783.45),
('FR0013340973','2019-10-22 14:30:00', 217.03),
('FR0004548873','2019-10-22 14:30:00', 344.28),
('US0111514983','2019-10-22 14:30:00', 885.51),
('US0253985401','2019-10-22 14:30:00', 96.79),
('IE00BXC8D038','2019-10-22 15:30:00', 740.5),
('FR0013340973','2019-10-22 15:30:00', 541.94),
('FR0004548873','2019-10-22 15:30:00', 284.08),
('US0111514983','2019-10-22 15:30:00', 277.17),
('US0253985401','2019-10-22 15:30:00', 209.58),
('IE00BXC8D038','2019-10-22 16:30:00', 188.35),
('FR0013340973','2019-10-22 16:30:00', 52.39),
('FR0004548873','2019-10-22 16:30:00', 164.51),
('US0111514983','2019-10-22 16:30:00', 799.08),
('US0253985401','2019-10-22 16:30:00', 375.44),
('IE00BXC8D038','2019-10-22 17:30:00', 659.71),
('FR0013340973','2019-10-22 17:30:00', 503.2),
('FR0004548873','2019-10-22 17:30:00', 403.7),
('US0111514983','2019-10-22 17:30:00', 104.15),
('US0253985401','2019-10-22 17:30:00', 285.44),
('IE00BXC8D038','2019-10-22 18:30:00', 697.77),
('FR0013340973','2019-10-22 18:30:00', 525.11),
('FR0004548873','2019-10-22 18:30:00', 648.9),
('US0111514983','2019-10-22 18:30:00', 572.61),
('US0253985401','2019-10-22 18:30:00', 326.9),
('IE00BXC8D038','2019-10-22 19:30:00', 937.13),
('FR0013340973','2019-10-22 19:30:00', 190.14),
('FR0004548873','2019-10-22 19:30:00', 685.82),
('US0111514983','2019-10-22 19:30:00', 953.84),
('US0253985401','2019-10-22 19:30:00', 827.53),
('IE00BXC8D038','2019-10-22 20:30:00', 941.44),
('FR0013340973','2019-10-22 20:30:00', 730.8),
('FR0004548873','2019-10-22 20:30:00', 525.2),
('US0111514983','2019-10-22 20:30:00', 493.21),
('US0253985401','2019-10-22 20:30:00', 564.8),
('IE00BXC8D038','2019-10-22 21:30:00', 371.03),
('FR0013340973','2019-10-22 21:30:00', 155.24),
('FR0004548873','2019-10-22 21:30:00', 47),
('US0111514983','2019-10-22 21:30:00', 404.93),
('US0253985401','2019-10-22 21:30:00', 729.06),
('IE00BXC8D038','2019-10-23 10:30:00', 448.39),
('FR0013340973','2019-10-23 10:30:00', 999.71),
('FR0004548873','2019-10-23 10:30:00', 215.09),
('US0111514983','2019-10-23 10:30:00', 483.08),
('US0253985401','2019-10-23 10:30:00', 571.9),
('IE00BXC8D038','2019-10-23 11:30:00', 44.25),
('FR0013340973','2019-10-23 11:30:00', 356.32),
('FR0004548873','2019-10-23 11:30:00', 382.74),
('US0111514983','2019-10-23 11:30:00', 179.32),
('US0253985401','2019-10-23 11:30:00', 809.4),
('IE00BXC8D038','2019-10-23 12:30:00', 125.76),
('FR0013340973','2019-10-23 12:30:00', 306.61),
('FR0004548873','2019-10-23 12:30:00', 945.99),
('US0111514983','2019-10-23 12:30:00', 928.21),
('US0253985401','2019-10-23 12:30:00', 772.5),
('IE00BXC8D038','2019-10-23 13:30:00', 355.77),
('FR0013340973','2019-10-23 13:30:00', 920.15),
('FR0004548873','2019-10-23 13:30:00', 217.55),
('US0111514983','2019-10-23 13:30:00', 984.61),
('US0253985401','2019-10-23 13:30:00', 425.42),
('IE00BXC8D038','2019-10-23 14:30:00', 87.35),
('FR0013340973','2019-10-23 14:30:00', 411.95),
('FR0004548873','2019-10-23 14:30:00', 88.68),
('US0111514983','2019-10-23 14:30:00', 151.31),
('US0253985401','2019-10-23 14:30:00', 582.09),
('IE00BXC8D038','2019-10-23 15:30:00', 463.92),
('FR0013340973','2019-10-23 15:30:00', 993),
('FR0004548873','2019-10-23 15:30:00', 121.62),
('US0111514983','2019-10-23 15:30:00', 746.99),
('US0253985401','2019-10-23 15:30:00', 47.97),
('IE00BXC8D038','2019-10-23 16:30:00', 957.55),
('FR0013340973','2019-10-23 16:30:00', 773.93),
('FR0004548873','2019-10-23 16:30:00', 784.7),
('US0111514983','2019-10-23 16:30:00', 594.01),
('US0253985401','2019-10-23 16:30:00', 560.3),
('IE00BXC8D038','2019-10-23 17:30:00', 447.48),
('FR0013340973','2019-10-23 17:30:00', 130.04),
('FR0004548873','2019-10-23 17:30:00', 864.38),
('US0111514983','2019-10-23 17:30:00', 900.68),
('US0253985401','2019-10-23 17:30:00', 641.42),
('IE00BXC8D038','2019-10-23 18:30:00', 761.99),
('FR0013340973','2019-10-23 18:30:00', 799.62),
('FR0004548873','2019-10-23 18:30:00', 930.16),
('US0111514983','2019-10-23 18:30:00', 673.49),
('US0253985401','2019-10-23 18:30:00', 612.1),
('IE00BXC8D038','2019-10-23 19:30:00', 143.94),
('FR0013340973','2019-10-23 19:30:00', 978.98),
('FR0004548873','2019-10-23 19:30:00', 546.6),
('US0111514983','2019-10-23 19:30:00', 875.05),
('US0253985401','2019-10-23 19:30:00', 129.91),
('IE00BXC8D038','2019-10-23 20:30:00', 20.62),
('FR0013340973','2019-10-23 20:30:00', 42.24),
('FR0004548873','2019-10-23 20:30:00', 546.95),
('US0111514983','2019-10-23 20:30:00', 339.02),
('US0253985401','2019-10-23 20:30:00', 924.05),
('IE00BXC8D038','2019-10-23 21:30:00', 752.56),
('FR0013340973','2019-10-23 21:30:00', 719.14),
('FR0004548873','2019-10-23 21:30:00', 689.68),
('US0111514983','2019-10-23 21:30:00', 997.64),
('US0253985401','2019-10-23 21:30:00', 24.37),
('IE00BXC8D038','2019-10-24 10:30:00', 228.03),
('FR0013340973','2019-10-24 10:30:00', 406.08),
('FR0004548873','2019-10-24 10:30:00', 370.95),
('US0111514983','2019-10-24 10:30:00', 527.45),
('US0253985401','2019-10-24 10:30:00', 39.47),
('IE00BXC8D038','2019-10-24 11:30:00', 721.38),
('FR0013340973','2019-10-24 11:30:00', 400.32),
('FR0004548873','2019-10-24 11:30:00', 524.35),
('US0111514983','2019-10-24 11:30:00', 374.13),
('US0253985401','2019-10-24 11:30:00', 33.07),
('IE00BXC8D038','2019-10-24 12:30:00', 108.5),
('FR0013340973','2019-10-24 12:30:00', 684.58),
('FR0004548873','2019-10-24 12:30:00', 929.99),
('US0111514983','2019-10-24 12:30:00', 176.13),
('US0253985401','2019-10-24 12:30:00', 808.15),
('IE00BXC8D038','2019-10-24 13:30:00', 717.1),
('FR0013340973','2019-10-24 13:30:00', 729.21),
('FR0004548873','2019-10-24 13:30:00', 529.84),
('US0111514983','2019-10-24 13:30:00', 510.35),
('US0253985401','2019-10-24 13:30:00', 952.52),
('IE00BXC8D038','2019-10-24 14:30:00', 49.01),
('FR0013340973','2019-10-24 14:30:00', 670.84),
('FR0004548873','2019-10-24 14:30:00', 382.92),
('US0111514983','2019-10-24 14:30:00', 460.57),
('US0253985401','2019-10-24 14:30:00', 622.31),
('IE00BXC8D038','2019-10-24 15:30:00', 387.57),
('FR0013340973','2019-10-24 15:30:00', 553.22),
('FR0004548873','2019-10-24 15:30:00', 233.4),
('US0111514983','2019-10-24 15:30:00', 794.45),
('US0253985401','2019-10-24 15:30:00', 959.1),
('IE00BXC8D038','2019-10-24 16:30:00', 779.09),
('FR0013340973','2019-10-24 16:30:00', 477.89),
('FR0004548873','2019-10-24 16:30:00', 585.96),
('US0111514983','2019-10-24 16:30:00', 745.85),
('US0253985401','2019-10-24 16:30:00', 80.18),
('IE00BXC8D038','2019-10-24 17:30:00', 65.68),
('FR0013340973','2019-10-24 17:30:00', 706.1),
('FR0004548873','2019-10-24 17:30:00', 282.49),
('US0111514983','2019-10-24 17:30:00', 240.9),
('US0253985401','2019-10-24 17:30:00', 750.62),
('IE00BXC8D038','2019-10-24 18:30:00', 385.54),
('FR0013340973','2019-10-24 18:30:00', 291.72),
('FR0004548873','2019-10-24 18:30:00', 223.89),
('US0111514983','2019-10-24 18:30:00', 868.05),
('US0253985401','2019-10-24 18:30:00', 521),
('IE00BXC8D038','2019-10-24 19:30:00', 240.45),
('FR0013340973','2019-10-24 19:30:00', 892.38),
('FR0004548873','2019-10-24 19:30:00', 811.25),
('US0111514983','2019-10-24 19:30:00', 50.5),
('US0253985401','2019-10-24 19:30:00', 323.95),
('IE00BXC8D038','2019-10-24 20:30:00', 152.08),
('FR0013340973','2019-10-24 20:30:00', 771.18),
('FR0004548873','2019-10-24 20:30:00', 639.04),
('US0111514983','2019-10-24 20:30:00', 62.89),
('US0253985401','2019-10-24 20:30:00', 535.08),
('IE00BXC8D038','2019-10-24 21:30:00', 877.04),
('FR0013340973','2019-10-24 21:30:00', 758.44),
('FR0004548873','2019-10-24 21:30:00', 6.36),
('US0111514983','2019-10-24 21:30:00', 534.73),
('US0253985401','2019-10-24 21:30:00', 100.59),
('IE00BXC8D038','2019-10-25 10:30:00', 955.27),
('FR0013340973','2019-10-25 10:30:00', 399.15),
('FR0004548873','2019-10-25 10:30:00', 457.2),
('US0111514983','2019-10-25 10:30:00', 20.7),
('US0253985401','2019-10-25 10:30:00', 674.33),
('IE00BXC8D038','2019-10-25 11:30:00', 45.85),
('FR0013340973','2019-10-25 11:30:00', 406.73),
('FR0004548873','2019-10-25 11:30:00', 837.8),
('US0111514983','2019-10-25 11:30:00', 285.54),
('US0253985401','2019-10-25 11:30:00', 18.04),
('IE00BXC8D038','2019-10-25 12:30:00', 68.5),
('FR0013340973','2019-10-25 12:30:00', 809.64),
('FR0004548873','2019-10-25 12:30:00', 78.55),
('US0111514983','2019-10-25 12:30:00', 313.69),
('US0253985401','2019-10-25 12:30:00', 323.04),
('IE00BXC8D038','2019-10-25 13:30:00', 626.43),
('FR0013340973','2019-10-25 13:30:00', 852.54),
('FR0004548873','2019-10-25 13:30:00', 32.99),
('US0111514983','2019-10-25 13:30:00', 374.04),
('US0253985401','2019-10-25 13:30:00', 125.7),
('IE00BXC8D038','2019-10-25 14:30:00', 396.4),
('FR0013340973','2019-10-25 14:30:00', 154.92),
('FR0004548873','2019-10-25 14:30:00', 977.48),
('US0111514983','2019-10-25 14:30:00', 121.16),
('US0253985401','2019-10-25 14:30:00', 572.13),
('IE00BXC8D038','2019-10-25 15:30:00', 546.6),
('FR0013340973','2019-10-25 15:30:00', 587.66),
('FR0004548873','2019-10-25 15:30:00', 72.76),
('US0111514983','2019-10-25 15:30:00', 973.26),
('US0253985401','2019-10-25 15:30:00', 391.09),
('IE00BXC8D038','2019-10-25 16:30:00', 691.84),
('FR0013340973','2019-10-25 16:30:00', 768.47),
('FR0004548873','2019-10-25 16:30:00', 85.81),
('US0111514983','2019-10-25 16:30:00', 832.13),
('US0253985401','2019-10-25 16:30:00', 407.83),
('IE00BXC8D038','2019-10-25 17:30:00', 202.33),
('FR0013340973','2019-10-25 17:30:00', 685.68),
('FR0004548873','2019-10-25 17:30:00', 276.74),
('US0111514983','2019-10-25 17:30:00', 426.8),
('US0253985401','2019-10-25 17:30:00', 328.64),
('IE00BXC8D038','2019-10-25 18:30:00', 785.61),
('FR0013340973','2019-10-25 18:30:00', 433.62),
('FR0004548873','2019-10-25 18:30:00', 748.25),
('US0111514983','2019-10-25 18:30:00', 469.26),
('US0253985401','2019-10-25 18:30:00', 739.85),
('IE00BXC8D038','2019-10-25 19:30:00', 902.21),
('FR0013340973','2019-10-25 19:30:00', 240.96),
('FR0004548873','2019-10-25 19:30:00', 690.63),
('US0111514983','2019-10-25 19:30:00', 297.69),
('US0253985401','2019-10-25 19:30:00', 813.88),
('IE00BXC8D038','2019-10-25 20:30:00', 960.28),
('FR0013340973','2019-10-25 20:30:00', 623.19),
('FR0004548873','2019-10-25 20:30:00', 263.51),
('US0111514983','2019-10-25 20:30:00', 810.79),
('US0253985401','2019-10-25 20:30:00', 344.93),
('IE00BXC8D038','2019-10-25 21:30:00', 823.41),
('FR0013340973','2019-10-25 21:30:00', 132.41),
('FR0004548873','2019-10-25 21:30:00', 436.31),
('US0111514983','2019-10-25 21:30:00', 824.1),
('US0253985401','2019-10-25 21:30:00', 972.26);

INSERT INTO Mercado_Financeiro (Codigo, Nome, Descricao) VALUES 
('GSPC', 'S&P 500', 'Description'),
('DJI', 'Dow 30', 'Description'),
('IXIC', 'Nasdaq', 'Description'),
('NTA', 'NYSE COMPOSITE (DJ)', 'Description'),
('XAX', 'NYSE AMEX COMPOSITE INDEX', 'Description'),
('BUK100P', 'Cboe UK 100 Price Return', 'Description');

INSERT INTO Instrumento_Financeiro (ISIN, CodigoMercado, Descricao) VALUES 
('IE00BXC8D038', 'GSPC', 'IVXD Trading'),
('FR0013340973', 'DJI', 'Salut SGPS'),
('FR0004548873', 'NTA', 'Romeo'),
('US0111514983', 'XAX', 'Adelaide Company'),
('US0253985401', 'BUK100P', 'Rui Company');

INSERT INTO Cliente (CC, NIF, NomeCliente, NomePortfolio) VALUES
('125236521474', '125479963', 'Ruben Dias', 'Description0'),
('125669635742', '125478963', 'Francisco Ferreira', 'Description1'),
('125478963512', '256369578', 'Tomas Tavares', 'Description2'),
('589632547415', '698523657', 'Castro Marques', 'Description3'),
('123698569874', '125647896', 'Luis Miguel', 'Description4'),
('123854532674', '141512146', 'Gabriel Barbosa', 'Description5'),
('123855225674', '141551546', 'Franco Cervi', 'Description6');

INSERT INTO Contacto (Codigo, CC, Descricao) VALUES 
('001', '125236521474', 'Description'),
('002', '125669635742', 'Description'),
('003', '125478963512', 'Description'),
('004', '589632547415', 'Description'),
('005', '123698569874', 'Description'),
('006', '123854532674', 'Description'),
('007', '123855225674', 'Description');

INSERT INTO Contacto_Telefonico (Numero, Indicativo, Codigo_Contacto) VALUES
(963254158, 351, '001'),
(963214528, 351, '002'),
(321475896, 351, '003'),
(215369854, 351, '004'),
(233695874, 351, '005'),
(912365474, 351, '006'),
(936521458, 351, '007');

INSERT INTO Contacto_Email (Endereco, Codigo_Contacto) VALUES
('r6dias@slb.pt', '001'),
('ferro@slb.pt', '002'),
('ttavares@slb.pt', '003'),
('cmarques@gmail.com', '004'),
('luismiguel1526@gmail.com', '005'),
('gabigol@gmail.com', '006'),
('chucky@gmail.com', '007');

INSERT INTO Posicao (ISIN, CC, Quantidade) VALUES 
('IE00BXC8D038', '125236521474', 3520),
('FR0013340973', '125236521474', 1379),
('FR0004548873', '125236521474', 171),
('US0111514983', '125236521474', 6758),
('IE00BXC8D038', '125669635742', 1706),
('FR0013340973', '125669635742', 276),
('FR0004548873', '125669635742', 1700),
('US0111514983', '125669635742', 4910),
('IE00BXC8D038', '125478963512', 4036),
('FR0013340973', '125478963512', 1463),
('FR0004548873', '125478963512', 3588),
('US0111514983', '125478963512', 7433),
('IE00BXC8D038', '589632547415', 5947),
('FR0013340973', '589632547415', 2012),
('FR0004548873', '589632547415', 1616),
('US0111514983', '589632547415', 3975),
('IE00BXC8D038', '123698569874', 688),
('FR0013340973', '123698569874', 2155),
('FR0004548873', '123698569874', 9261),
('US0111514983', '123698569874', 766),
('IE00BXC8D038', '123854532674', 6350),
('FR0013340973', '123854532674', 7954),
('FR0004548873', '123854532674', 4858),
('US0111514983', '123854532674', 2717),
('IE00BXC8D038', '123855225674', 7756),
('FR0013340973', '123855225674', 6833),
('FR0004548873', '123855225674', 8815),
('US0111514983', '123855225674', 7293);